secID,publishDate,endDate,CFrSaleGS
000001.XSHE,2025-03-15,2024-12-31,
000001.XSHE,2025-03-15,2023-12-31,
000001.XSHE,2024-03-15,2023-12-31,
000001.XSHE,2024-03-15,2022-12-31,
000001.XSHE,2023-03-09,2022-12-31,
000001.XSHE,2023-03-09,2021-12-31,
000001.XSHE,2022-03-10,2021-12-31,
000002.XSHE,2025-04-01,2024-12-31,200998272604.11
000002.XSHE,2025-04-01,2023-12-31,296649108624.0
000002.XSHE,2024-03-29,2023-12-31,296649108624.0
000002.XSHE,2024-03-29,2022-12-31,323535426593.95
000002.XSHE,2023-03-31,2022-12-31,323535426593.95
000002.XSHE,2023-03-31,2021-12-31,464050811118.84
000002.XSHE,2022-03-31,2021-12-31,464050811118.84
000009.XSHE,2025-04-16,2024-12-31,19000332448.1
000009.XSHE,2025-04-16,2023-12-31,27805904982.51
000009.XSHE,2024-04-16,2023-12-31,27805904982.51
000009.XSHE,2024-04-16,2022-12-31,23034585699.15
000009.XSHE,2023-04-15,2022-12-31,23034585699.15
000009.XSHE,2023-04-15,2021-12-31,13001102203.4
000009.XSHE,2022-03-31,2021-12-31,13001102203.4
000063.XSHE,2025-03-01,2024-12-31,127930762000.0
000063.XSHE,2025-03-01,2023-12-31,128264163000.0
000063.XSHE,2024-03-09,2023-12-31,128264163000.0
000063.XSHE,2024-03-09,2022-12-31,136874889000.0
000063.XSHE,2023-03-11,2022-12-31,136874889000.0
000063.XSHE,2023-03-11,2021-12-31,120976285000.0
000063.XSHE,2022-03-09,2021-12-31,120976285000.0
000069.XSHE,2025-03-29,2024-12-31,34816750737.31
000069.XSHE,2025-03-29,2023-12-31,52365819500.84
000069.XSHE,2024-03-30,2023-12-31,52365819500.84
000069.XSHE,2024-03-30,2022-12-31,60829449797.95
000069.XSHE,2023-03-31,2022-12-31,60829449797.95
000069.XSHE,2023-03-31,2021-12-31,100959093480.14
000069.XSHE,2022-03-31,2021-12-31,100959093480.14
000100.XSHE,2025-04-29,2024-12-31,169223957000.0
000100.XSHE,2025-04-29,2023-12-31,139948369000.0
000100.XSHE,2024-04-30,2023-12-31,139948369000.0
000100.XSHE,2024-04-30,2022-12-31,137297835000.0
000100.XSHE,2023-03-31,2022-12-31,137297835000.0
000100.XSHE,2023-03-31,2021-12-31,140078647000.0
000100.XSHE,2022-04-28,2021-12-31,140078647000.0
000157.XSHE,2025-03-25,2024-12-31,54706221748.71
000157.XSHE,2025-03-25,2023-12-31,50385819875.12
000157.XSHE,2024-03-29,2023-12-31,50385819875.12
000157.XSHE,2024-03-29,2022-12-31,46335362162.39
000157.XSHE,2023-03-31,2022-12-31,46335362162.39
000157.XSHE,2023-03-31,2021-12-31,62649216019.68
000157.XSHE,2022-03-31,2021-12-31,62649216019.68
000166.XSHE,2025-03-29,2024-12-31,
000166.XSHE,2025-03-29,2023-12-31,
000166.XSHE,2024-03-29,2023-12-31,
000166.XSHE,2024-03-29,2022-12-31,
000166.XSHE,2023-03-31,2022-12-31,
000166.XSHE,2023-03-31,2021-12-31,
000166.XSHE,2022-03-31,2021-12-31,
000301.XSHE,2025-04-29,2024-12-31,170231575366.91
000301.XSHE,2025-04-29,2023-12-31,155578948937.98
000301.XSHE,2024-04-26,2023-12-31,155578948937.98
000301.XSHE,2024-04-26,2022-12-31,68980259777.24
000301.XSHE,2023-04-18,2022-12-31,68950165509.0
000301.XSHE,2023-04-18,2021-12-31,54734917497.56
000301.XSHE,2022-04-19,2021-12-31,54734917497.56
000333.XSHE,2025-03-29,2024-12-31,388661338000.0
000333.XSHE,2025-03-29,2023-12-31,356076005000.0
000333.XSHE,2024-03-28,2023-12-31,356076005000.0
000333.XSHE,2024-03-28,2022-12-31,316997825000.0
000333.XSHE,2023-04-29,2022-12-31,316997825000.0
000333.XSHE,2023-04-29,2021-12-31,310489824000.0
000333.XSHE,2022-04-30,2021-12-31,310489824000.0
000338.XSHE,2025-03-28,2024-12-31,222363690491.28
000338.XSHE,2025-03-28,2023-12-31,216639472203.14
000338.XSHE,2024-03-26,2023-12-31,216639472203.14
000338.XSHE,2024-03-26,2022-12-31,169364051780.89
000338.XSHE,2023-03-31,2022-12-31,169364051780.89
000338.XSHE,2023-03-31,2021-12-31,210990394930.66
000338.XSHE,2022-03-31,2021-12-31,192945154192.92
000400.XSHE,2025-04-11,2024-12-31,15855232143.84
000400.XSHE,2025-04-11,2023-12-31,15404691568.2
000400.XSHE,2024-04-11,2023-12-31,15404691568.2
000400.XSHE,2024-04-11,2022-12-31,12952579155.64
000400.XSHE,2023-04-08,2022-12-31,12829483962.72
000400.XSHE,2023-04-08,2021-12-31,10733133333.8
000400.XSHE,2022-04-26,2021-12-31,10733133333.8
000408.XSHE,2025-03-29,2024-12-31,3294045869.88
000408.XSHE,2025-03-29,2023-12-31,5546484851.56
000408.XSHE,2024-03-21,2023-12-31,5546484851.56
000408.XSHE,2024-03-21,2022-12-31,8650722959.26
000408.XSHE,2023-03-10,2022-12-31,8650722959.26
000408.XSHE,2023-03-10,2021-12-31,3450064145.11
000408.XSHE,2022-03-11,2021-12-31,3450064145.11
000423.XSHE,2025-03-18,2024-12-31,6151856747.08
000423.XSHE,2025-03-18,2023-12-31,5206407822.18
000423.XSHE,2024-03-22,2023-12-31,5206407822.18
000423.XSHE,2024-03-22,2022-12-31,4535915541.57
000423.XSHE,2023-03-25,2022-12-31,4535915541.57
000423.XSHE,2023-03-25,2021-12-31,5043942613.2
000423.XSHE,2022-03-26,2021-12-31,5043942613.2
000425.XSHE,2025-04-29,2024-12-31,99918736818.42
000425.XSHE,2025-04-29,2023-12-31,103724581318.22
000425.XSHE,2024-04-30,2023-12-31,103724581318.22
000425.XSHE,2024-04-30,2022-12-31,104640425762.86
000425.XSHE,2023-04-29,2022-12-31,104640425762.86
000425.XSHE,2023-04-29,2021-12-31,94016434920.63
000425.XSHE,2022-04-19,2021-12-31,70740347219.86
000488.XSHE,2025-04-01,2024-12-31,23237707950.05
000488.XSHE,2025-04-01,2023-12-31,27966458590.37
000488.XSHE,2024-03-29,2023-12-31,27966458590.37
000488.XSHE,2024-03-29,2022-12-31,34004940977.95
000488.XSHE,2023-03-31,2022-12-31,34004940977.95
000488.XSHE,2023-03-31,2021-12-31,37026791230.42
000488.XSHE,2022-03-31,2021-12-31,37026791230.42
000513.XSHE,2025-03-27,2024-12-31,13064645207.09
000513.XSHE,2025-03-27,2023-12-31,13706761073.11
000513.XSHE,2024-03-29,2023-12-31,13706761073.11
000513.XSHE,2024-03-29,2022-12-31,12878492107.98
000513.XSHE,2023-03-31,2022-12-31,12878492107.98
000513.XSHE,2023-03-31,2021-12-31,12518435597.15
000513.XSHE,2022-03-29,2021-12-31,12518435597.15
000519.XSHE,2025-04-24,2024-12-31,4670172468.43
000519.XSHE,2025-04-24,2023-12-31,4550935808.52
000519.XSHE,2024-04-20,2023-12-31,4550935808.52
000519.XSHE,2024-04-20,2022-12-31,5139193174.61
000519.XSHE,2023-04-11,2022-12-31,5139193174.61
000519.XSHE,2023-04-11,2021-12-31,6580233432.12
000519.XSHE,2022-04-20,2021-12-31,6580233432.12
000519.XSHE,2022-04-19,2021-12-31,6580233432.12
000528.XSHE,2025-03-29,2024-12-31,27680012550.63
000528.XSHE,2025-03-29,2023-12-31,30314021867.03
000528.XSHE,2024-03-30,2023-12-31,30314021867.03
000528.XSHE,2024-03-30,2022-12-31,34547905663.0
000528.XSHE,2023-04-28,2022-12-31,34547905663.0
000528.XSHE,2023-04-28,2021-12-31,34959488625.49
000528.XSHE,2022-03-31,2021-12-31,34959488625.49
000537.XSHE,2025-04-29,2024-12-31,3403296663.22
000537.XSHE,2025-04-29,2023-12-31,3518236717.41
000537.XSHE,2024-04-30,2023-12-31,3518236717.41
000537.XSHE,2024-04-30,2022-12-31,3733109804.12
000537.XSHE,2023-03-30,2022-12-31,3733109804.12
000537.XSHE,2023-03-30,2021-12-31,21713724265.52
000537.XSHE,2022-10-27,2021-12-31,19577891492.8
000537.XSHE,2022-04-29,2021-12-31,19577891492.8
000538.XSHE,2025-04-01,2024-12-31,43254436486.53
000538.XSHE,2025-04-01,2023-12-31,40638627018.49
000538.XSHE,2024-03-30,2023-12-31,40638627018.49
000538.XSHE,2024-03-30,2022-12-31,38216566841.97
000538.XSHE,2023-03-31,2022-12-31,38216566841.97
000538.XSHE,2023-03-31,2021-12-31,39585624822.56
000538.XSHE,2022-03-26,2021-12-31,39585624822.56
000547.XSHE,2025-04-19,2024-12-31,2758581512.52
000547.XSHE,2025-04-19,2023-12-31,2951372406.76
000547.XSHE,2025-01-21,2023-12-31,2951372406.76
000547.XSHE,2024-04-30,2023-12-31,2951372406.76
000547.XSHE,2025-01-21,2022-12-31,3572960563.23
000547.XSHE,2025-01-21,2022-12-31,3572960563.23
000547.XSHE,2024-06-29,2022-12-31,3572960563.23
000547.XSHE,2024-04-30,2022-12-31,3572960563.23
000547.XSHE,2024-04-30,2022-12-31,3572960563.23
000547.XSHE,2023-04-22,2022-12-31,3572960563.23
000547.XSHE,2025-01-21,2021-12-31,3513864273.93
000547.XSHE,2025-01-21,2021-12-31,3513864273.93
000547.XSHE,2024-06-29,2021-12-31,3513864273.93
000547.XSHE,2024-06-29,2021-12-31,3513864273.93
000547.XSHE,2024-04-30,2021-12-31,3513864273.93
000547.XSHE,2023-04-22,2021-12-31,3513864273.93
000547.XSHE,2022-04-26,2021-12-31,3513864273.93
000559.XSHE,2025-04-26,2024-12-31,11002232228.19
000559.XSHE,2025-04-26,2023-12-31,12512176152.38
000559.XSHE,2024-04-30,2023-12-31,12512176152.38
000559.XSHE,2024-04-30,2022-12-31,12575827612.43
000559.XSHE,2024-04-30,2022-12-31,12575827612.43
000559.XSHE,2023-03-28,2022-12-31,12575827612.43
000559.XSHE,2023-03-28,2021-12-31,12417155850.34
000559.XSHE,2022-04-01,2021-12-31,12417155850.34
000559.XSHE,2022-03-30,2021-12-31,12417155850.34
000563.XSHE,2026-02-10,2025-12-31,
000563.XSHE,2026-02-10,2024-12-31,
000563.XSHE,2025-03-18,2024-12-31,
000563.XSHE,2025-03-18,2023-12-31,
000563.XSHE,2024-03-18,2023-12-31,
000563.XSHE,2024-03-18,2022-12-31,
000563.XSHE,2023-04-28,2022-12-31,
000563.XSHE,2023-04-28,2021-12-31,
000563.XSHE,2022-04-28,2021-12-31,
000568.XSHE,2025-04-28,2024-12-31,40036206060.66
000568.XSHE,2025-04-28,2023-12-31,31589430458.52
000568.XSHE,2024-04-27,2023-12-31,31589430458.52
000568.XSHE,2024-04-27,2022-12-31,25912851214.24
000568.XSHE,2023-04-29,2022-12-31,25912851214.24
000568.XSHE,2023-04-29,2021-12-31,22547242658.59
000568.XSHE,2022-04-29,2021-12-31,22547242658.59
000581.XSHE,2025-04-18,2024-12-31,11454631514.44
000581.XSHE,2025-04-18,2023-12-31,11815615875.97
000581.XSHE,2024-04-16,2023-12-31,11815615875.97
000581.XSHE,2024-04-16,2022-12-31,12431900362.84
000581.XSHE,2024-04-16,2022-12-31,12431900362.84
000581.XSHE,2023-04-28,2022-12-31,12431900362.84
000581.XSHE,2024-04-16,2021-12-31,15555511937.16
000581.XSHE,2023-04-28,2021-12-31,15555511937.16
000581.XSHE,2022-04-19,2021-12-31,15555511937.16
000596.XSHE,2025-04-28,2024-12-31,23210865893.05
000596.XSHE,2025-04-28,2023-12-31,20796713697.12
000596.XSHE,2024-04-27,2023-12-31,20796713697.12
000596.XSHE,2024-04-27,2022-12-31,17348587209.08
000596.XSHE,2023-04-29,2022-12-31,17348587209.08
000596.XSHE,2023-04-29,2021-12-31,15533370561.71
000596.XSHE,2022-04-30,2021-12-31,15533370561.71
000598.XSHE,2025-04-18,2024-12-31,8574054725.19
000598.XSHE,2025-04-18,2023-12-31,7894070700.15
000598.XSHE,2024-04-19,2023-12-31,7894070700.15
000598.XSHE,2024-04-19,2022-12-31,7273455164.64
000598.XSHE,2023-04-26,2022-12-31,7273455164.64
000598.XSHE,2023-04-26,2021-12-31,6159634694.81
000598.XSHE,2022-04-22,2021-12-31,6146060063.53
000600.XSHE,2025-04-24,2024-12-31,26558392629.09
000600.XSHE,2025-04-24,2023-12-31,21732938406.67
000600.XSHE,2024-04-26,2023-12-31,21198578944.96
000600.XSHE,2024-04-26,2022-12-31,20157438244.44
000600.XSHE,2023-04-27,2022-12-31,20157438244.44
000600.XSHE,2023-04-27,2021-12-31,17278459549.15
000600.XSHE,2022-04-21,2021-12-31,17278459549.15
000625.XSHE,2025-04-11,2024-12-31,175823903478.47
000625.XSHE,2025-04-11,2023-12-31,168499172064.84
000625.XSHE,2024-04-18,2023-12-31,168499172064.84
000625.XSHE,2024-04-18,2022-12-31,122619321871.95
000625.XSHE,2023-04-18,2022-12-31,122619321871.95
000625.XSHE,2023-04-18,2021-12-31,128548576993.05
000625.XSHE,2022-04-28,2021-12-31,128548576993.05
000627.XSHE,2024-04-30,2023-12-31,
000627.XSHE,2024-04-30,2022-12-31,
000627.XSHE,2023-04-22,2022-12-31,
000627.XSHE,2023-04-22,2021-12-31,
000627.XSHE,2022-04-30,2021-12-31,
000629.XSHE,2025-05-17,2024-12-31,10664107765.04
000629.XSHE,2025-03-29,2024-12-31,10664107765.04
000629.XSHE,2025-05-17,2023-12-31,9873135476.37
000629.XSHE,2025-05-17,2023-12-31,9873135476.37
000629.XSHE,2025-03-29,2023-12-31,9873135476.37
000629.XSHE,2024-03-26,2023-12-31,9873135476.37
000629.XSHE,2025-05-17,2022-12-31,10172715541.74
000629.XSHE,2024-03-26,2022-12-31,10172715541.74
000629.XSHE,2023-03-28,2022-12-31,10172715541.74
000629.XSHE,2023-03-28,2021-12-31,10900165466.69
000629.XSHE,2022-03-29,2021-12-31,10900165466.69
000630.XSHE,2025-04-23,2024-12-31,159731810032.46
000630.XSHE,2025-04-23,2023-12-31,151628129467.1
000630.XSHE,2024-04-29,2023-12-31,151628129467.1
000630.XSHE,2024-04-29,2022-12-31,135275098029.96
000630.XSHE,2023-04-15,2022-12-31,135244426691.74
000630.XSHE,2023-04-15,2021-12-31,146039433890.71
000630.XSHE,2022-04-20,2021-12-31,146039433890.71
000636.XSHE,2025-04-15,2024-12-31,4334967011.97
000636.XSHE,2025-04-15,2023-12-31,3783836268.82
000636.XSHE,2024-04-16,2023-12-31,3783836268.82
000636.XSHE,2024-04-16,2022-12-31,2904387059.13
000636.XSHE,2023-03-28,2022-12-31,2904387059.13
000636.XSHE,2023-03-28,2021-12-31,3856156202.2
000636.XSHE,2022-04-28,2021-12-31,3856156202.2
000650.XSHE,2025-04-26,2024-12-31,4682139870.22
000650.XSHE,2025-04-26,2023-12-31,5395215109.74
000650.XSHE,2024-04-26,2023-12-31,5395215109.74
000650.XSHE,2024-04-26,2022-12-31,5832395921.18
000650.XSHE,2023-04-26,2022-12-31,5832395921.18
000650.XSHE,2023-04-26,2021-12-31,5210438952.57
000650.XSHE,2022-04-26,2021-12-31,5210438952.57
000651.XSHE,2025-04-28,2024-12-31,171937113993.38
000651.XSHE,2025-04-28,2023-12-31,222450716185.76
000651.XSHE,2024-04-30,2023-12-31,222450716185.76
000651.XSHE,2024-04-30,2022-12-31,191722692750.88
000651.XSHE,2023-04-29,2022-12-31,191722692750.88
000651.XSHE,2023-04-29,2021-12-31,169646517565.79
000651.XSHE,2022-04-30,2021-12-31,169646517565.79
000661.XSHE,2025-04-21,2024-12-31,14357978450.23
000661.XSHE,2025-04-21,2023-12-31,13895770488.14
000661.XSHE,2024-03-20,2023-12-31,13895770488.14
000661.XSHE,2024-03-20,2022-12-31,12064630964.12
000661.XSHE,2023-03-30,2022-12-31,12064630964.12
000661.XSHE,2023-03-30,2021-12-31,11160645627.12
000661.XSHE,2022-03-17,2021-12-31,11160645627.12
000671.XSHE,2023-04-29,2022-12-31,19423089631.33
000671.XSHE,2023-04-29,2021-12-31,76915071915.05
000671.XSHE,2022-04-30,2021-12-31,76915071915.05
000681.XSHE,2025-04-24,2024-12-31,875198634.38
000681.XSHE,2025-04-24,2023-12-31,860972772.43
000681.XSHE,2024-04-26,2023-12-31,860972772.43
000681.XSHE,2024-04-26,2022-12-31,715544152.63
000681.XSHE,2023-04-28,2022-12-31,715544152.63
000681.XSHE,2023-04-28,2021-12-31,634743200.01
000681.XSHE,2022-04-28,2021-12-31,634743200.01
000686.XSHE,2025-04-26,2024-12-31,
000686.XSHE,2025-04-26,2023-12-31,
000686.XSHE,2024-04-19,2023-12-31,
000686.XSHE,2024-04-19,2022-12-31,
000686.XSHE,2023-04-15,2022-12-31,
000686.XSHE,2023-04-15,2021-12-31,
000686.XSHE,2022-07-27,2021-12-31,
000686.XSHE,2022-04-15,2021-12-31,
000703.XSHE,2025-04-24,2024-12-31,133741965540.01
000703.XSHE,2025-04-24,2023-12-31,149171462352.96
000703.XSHE,2024-04-20,2023-12-31,149171462352.96
000703.XSHE,2024-04-20,2022-12-31,159672411042.94
000703.XSHE,2023-04-20,2022-12-31,159672411042.94
000703.XSHE,2023-04-20,2021-12-31,136206442694.61
000703.XSHE,2022-04-26,2021-12-31,135429689619.36
000709.XSHE,2025-04-25,2024-12-31,113973832889.31
000709.XSHE,2025-04-25,2023-12-31,116697367262.93
000709.XSHE,2024-04-27,2023-12-31,116697367262.93
000709.XSHE,2024-04-27,2022-12-31,110633535320.6
000709.XSHE,2023-04-28,2022-12-31,110633535320.6
000709.XSHE,2023-04-28,2021-12-31,129858541055.14
000709.XSHE,2022-04-22,2021-12-31,129858541055.14
000712.XSHE,2025-04-28,2024-12-31,
000712.XSHE,2025-04-28,2023-12-31,
000712.XSHE,2024-04-26,2023-12-31,
000712.XSHE,2024-04-26,2022-12-31,
000712.XSHE,2023-03-29,2022-12-31,
000712.XSHE,2023-03-29,2021-12-31,
000712.XSHE,2022-03-09,2021-12-31,
000717.XSHE,2025-04-24,2024-12-31,31697297770.54
000717.XSHE,2025-04-24,2023-12-31,41603088894.12
000717.XSHE,2024-04-29,2023-12-31,41603088894.12
000717.XSHE,2024-04-29,2022-12-31,39113604439.81
000717.XSHE,2024-04-29,2022-12-31,39113604439.81
000717.XSHE,2023-10-30,2022-12-31,39038651169.47
000717.XSHE,2023-04-29,2022-12-31,39038651169.47
000717.XSHE,2023-04-28,2022-12-31,39038651169.47
000717.XSHE,2023-04-28,2021-12-31,46765155963.93
000717.XSHE,2022-04-28,2021-12-31,46765155963.93
000725.XSHE,2025-04-22,2024-12-31,207177636682.0
000725.XSHE,2025-04-22,2023-12-31,180947736116.0
000725.XSHE,2024-04-02,2023-12-31,180947736116.0
000725.XSHE,2024-04-02,2022-12-31,193327661415.0
000725.XSHE,2023-08-29,2022-12-31,193327661415.0
000725.XSHE,2023-04-04,2022-12-31,193327661415.0
000725.XSHE,2023-04-04,2021-12-31,221840098206.0
000725.XSHE,2022-03-31,2021-12-31,219962740822.0
000728.XSHE,2025-04-15,2024-12-31,
000728.XSHE,2025-04-15,2023-12-31,
000728.XSHE,2024-03-26,2023-12-31,
000728.XSHE,2024-03-26,2022-12-31,
000728.XSHE,2023-03-28,2022-12-31,
000728.XSHE,2023-03-28,2021-12-31,
000728.XSHE,2022-03-29,2021-12-31,
000729.XSHE,2025-04-22,2024-12-31,16880021156.88
000729.XSHE,2025-04-22,2023-12-31,16307117107.23
000729.XSHE,2024-04-16,2023-12-31,16307117107.23
000729.XSHE,2024-04-16,2022-12-31,15139468267.35
000729.XSHE,2023-04-18,2022-12-31,15139468267.35
000729.XSHE,2023-04-18,2021-12-31,13605393988.14
000729.XSHE,2022-04-28,2021-12-31,13605393988.14
000738.XSHE,2025-03-29,2024-12-31,4300033345.44
000738.XSHE,2025-03-29,2023-12-31,5238235125.44
000738.XSHE,2024-03-27,2023-12-31,5238235125.44
000738.XSHE,2024-03-27,2022-12-31,4582123347.21
000738.XSHE,2023-03-29,2022-12-31,4582123347.21
000738.XSHE,2023-03-29,2021-12-31,4156768019.62
000738.XSHE,2022-04-02,2021-12-31,4156768019.62
000739.XSHE,2025-03-11,2024-12-31,9716872993.65
000739.XSHE,2025-03-11,2023-12-31,8862726155.21
000739.XSHE,2024-03-08,2023-12-31,8862726155.21
000739.XSHE,2024-03-08,2022-12-31,7280894186.47
000739.XSHE,2023-03-10,2022-12-31,7280894186.47
000739.XSHE,2023-03-10,2021-12-31,6352081901.74
000739.XSHE,2022-03-10,2021-12-31,6352081901.74
000750.XSHE,2025-03-29,2024-12-31,
000750.XSHE,2025-03-29,2023-12-31,
000750.XSHE,2024-03-09,2023-12-31,
000750.XSHE,2024-03-09,2022-12-31,
000750.XSHE,2023-04-28,2022-12-31,
000750.XSHE,2023-04-28,2021-12-31,
000750.XSHE,2022-03-18,2021-12-31,
000761.XSHE,2025-04-04,2024-12-31,55987587183.4
000761.XSHE,2025-04-04,2023-12-31,55063430323.73
000761.XSHE,2024-04-29,2023-12-31,54782375927.56
000761.XSHE,2024-04-29,2022-12-31,51073772028.16
000761.XSHE,2023-08-24,2022-12-31,51073772028.16
000761.XSHE,2023-03-30,2022-12-31,51073772028.16
000761.XSHE,2023-08-24,2021-12-31,55748897664.65
000761.XSHE,2023-03-30,2021-12-31,55748897664.65
000761.XSHE,2022-03-26,2021-12-31,55748897664.65
000761.XSHE,2022-03-26,2021-12-31,55748897664.65
000768.XSHE,2025-04-01,2024-12-31,40608674275.26
000768.XSHE,2025-04-01,2023-12-31,34984144458.68
000768.XSHE,2024-04-02,2023-12-31,34984144458.68
000768.XSHE,2024-04-02,2022-12-31,75132787463.62
000768.XSHE,2023-04-18,2022-12-31,75132787463.62
000768.XSHE,2023-04-18,2021-12-31,12926452523.12
000768.XSHE,2022-03-29,2021-12-31,12926452523.12
000776.XSHE,2025-03-29,2024-12-31,
000776.XSHE,2025-03-29,2023-12-31,
000776.XSHE,2024-03-29,2023-12-31,
000776.XSHE,2024-03-29,2022-12-31,
000776.XSHE,2023-03-31,2022-12-31,
000776.XSHE,2023-03-31,2021-12-31,
000776.XSHE,2022-03-31,2021-12-31,
000778.XSHE,2025-04-11,2024-12-31,38223936923.33
000778.XSHE,2025-04-11,2023-12-31,46275103059.94
000778.XSHE,2024-04-11,2023-12-31,46275103059.94
000778.XSHE,2024-04-11,2022-12-31,51277752283.6
000778.XSHE,2023-04-11,2022-12-31,51277752283.6
000778.XSHE,2023-04-11,2021-12-31,50497894445.2
000778.XSHE,2022-04-19,2021-12-31,50497894445.2
000783.XSHE,2025-04-29,2024-12-31,
000783.XSHE,2025-04-29,2023-12-31,
000783.XSHE,2024-04-27,2023-12-31,
000783.XSHE,2024-04-27,2022-12-31,
000783.XSHE,2023-04-29,2022-12-31,
000783.XSHE,2023-04-29,2021-12-31,
000783.XSHE,2022-04-30,2021-12-31,
000786.XSHE,2025-03-27,2024-12-31,25809240366.58
000786.XSHE,2025-03-27,2023-12-31,22974929159.16
000786.XSHE,2024-03-20,2023-12-31,22974929159.16
000786.XSHE,2024-03-20,2022-12-31,20807920323.27
000786.XSHE,2023-03-22,2022-12-31,20665922742.01
000786.XSHE,2023-03-22,2021-12-31,22424441814.76
000786.XSHE,2022-03-23,2021-12-31,22418932754.76
000789.XSHE,2025-04-23,2024-12-31,6312055535.87
000789.XSHE,2025-04-23,2023-12-31,8357242410.55
000789.XSHE,2024-03-28,2023-12-31,8357242410.55
000789.XSHE,2024-03-28,2022-12-31,11754459082.49
000789.XSHE,2023-04-15,2022-12-31,11754459082.49
000789.XSHE,2023-04-15,2021-12-31,15018638566.36
000789.XSHE,2022-04-16,2021-12-31,15018638566.36
000792.XSHE,2025-03-29,2024-12-31,15745543233.97
000792.XSHE,2025-03-29,2023-12-31,23247311159.3
000792.XSHE,2024-03-30,2023-12-31,23247311159.3
000792.XSHE,2024-03-30,2022-12-31,29105844775.05
000792.XSHE,2023-03-31,2022-12-31,29105710695.05
000792.XSHE,2023-03-31,2021-12-31,12549425634.75
000792.XSHE,2022-04-26,2021-12-31,12549425634.75
000800.XSHE,2025-03-29,2024-12-31,54819630825.44
000800.XSHE,2025-03-29,2023-12-31,61772979886.03
000800.XSHE,2024-03-30,2023-12-31,59619602424.77
000800.XSHE,2024-03-30,2022-12-31,41009913172.02
000800.XSHE,2023-04-01,2022-12-31,41009913172.02
000800.XSHE,2023-04-01,2021-12-31,85857904781.05
000800.XSHE,2022-03-31,2021-12-31,85857904781.05
000807.XSHE,2025-03-27,2024-12-31,54594405435.87
000807.XSHE,2025-03-27,2023-12-31,41221328666.69
000807.XSHE,2024-03-28,2023-12-31,41221328666.69
000807.XSHE,2024-03-28,2022-12-31,44122658244.53
000807.XSHE,2023-03-22,2022-12-31,44122658244.53
000807.XSHE,2023-03-22,2021-12-31,31966730859.62
000807.XSHE,2022-03-22,2021-12-31,31966730859.62
000825.XSHE,2025-04-28,2024-12-31,113692009213.83
000825.XSHE,2025-04-28,2023-12-31,119405755316.67
000825.XSHE,2024-04-27,2023-12-31,119405755316.67
000825.XSHE,2024-04-27,2022-12-31,109378202487.47
000825.XSHE,2023-04-22,2022-12-31,109378202487.47
000825.XSHE,2023-04-22,2021-12-31,115136164709.13
000825.XSHE,2022-04-23,2021-12-31,115136164709.13
000830.XSHE,2025-04-26,2024-12-31,33030329801.32
000830.XSHE,2025-04-26,2023-12-31,27828961830.57
000830.XSHE,2024-04-30,2023-12-31,27828961830.57
000830.XSHE,2024-04-30,2022-12-31,32835858033.7
000830.XSHE,2023-04-21,2022-12-31,32835858033.7
000830.XSHE,2023-04-21,2021-12-31,35301770973.93
000830.XSHE,2022-04-30,2021-12-31,35301770973.93
000831.XSHE,2025-04-28,2024-12-31,3302079149.47
000831.XSHE,2025-04-28,2023-12-31,4257377513.29
000831.XSHE,2024-04-27,2023-12-31,4257377513.29
000831.XSHE,2024-04-27,2022-12-31,4777693617.59
000831.XSHE,2023-04-29,2022-12-31,3885862718.45
000831.XSHE,2023-04-29,2021-12-31,2596909901.25
000831.XSHE,2022-04-29,2021-12-31,2596909901.25
000837.XSHE,2025-04-15,2024-12-31,2575416499.78
000837.XSHE,2025-04-15,2023-12-31,2491405871.23
000837.XSHE,2024-03-30,2023-12-31,2491405871.23
000837.XSHE,2024-03-30,2022-12-31,2229117134.88
000837.XSHE,2023-04-11,2022-12-31,2229117134.88
000837.XSHE,2023-04-11,2021-12-31,2663231624.4
000837.XSHE,2022-03-29,2021-12-31,2663231624.4
000839.XSHE,2025-04-29,2024-12-31,3338829003.46
000839.XSHE,2025-04-29,2023-12-31,2973479043.57
000839.XSHE,2024-04-25,2023-12-31,2973479043.57
000839.XSHE,2024-04-25,2022-12-31,3062741747.26
000839.XSHE,2023-04-28,2022-12-31,3062741747.26
000839.XSHE,2023-04-28,2021-12-31,2930756386.32
000839.XSHE,2022-04-30,2021-12-31,2930756386.32
000848.XSHE,2025-04-24,2024-12-31,3605638753.32
000848.XSHE,2025-04-24,2023-12-31,3242712399.67
000848.XSHE,2024-04-17,2023-12-31,3242712399.67
000848.XSHE,2024-04-17,2022-12-31,2700084744.7
000848.XSHE,2023-07-22,2022-12-31,2700084744.7
000848.XSHE,2023-04-20,2022-12-31,2700084744.7
000848.XSHE,2023-07-22,2021-12-31,3102428069.81
000848.XSHE,2023-04-20,2021-12-31,3102428069.81
000848.XSHE,2022-04-12,2021-12-31,3102428069.81
000858.XSHE,2025-04-26,2024-12-31,101868590728.87
000858.XSHE,2025-04-26,2023-12-31,105349992178.96
000858.XSHE,2024-04-29,2023-12-31,105349992178.96
000858.XSHE,2024-04-29,2022-12-31,81770582903.92
000858.XSHE,2023-04-29,2022-12-31,81770582903.92
000858.XSHE,2023-04-29,2021-12-31,80952960804.29
000858.XSHE,2022-04-29,2021-12-31,80952960804.29
000860.XSHE,2025-04-23,2024-12-31,9609488739.43
000860.XSHE,2025-04-23,2023-12-31,10572823274.84
000860.XSHE,2024-04-27,2023-12-31,10572823274.84
000860.XSHE,2024-04-27,2022-12-31,14837740544.66
000860.XSHE,2023-03-25,2022-12-31,14837740544.66
000860.XSHE,2023-03-25,2021-12-31,13894962728.28
000860.XSHE,2022-04-28,2021-12-31,13894962728.28
000869.XSHE,2025-04-18,2024-12-31,3537113866.0
000869.XSHE,2025-04-18,2023-12-31,4362027268.0
000869.XSHE,2024-04-12,2023-12-31,4362027268.0
000869.XSHE,2024-04-12,2022-12-31,3681133282.0
000869.XSHE,2023-04-13,2022-12-31,3681133282.0
000869.XSHE,2023-04-13,2021-12-31,3674741084.0
000869.XSHE,2022-04-27,2021-12-31,3674741084.0
000876.XSHE,2025-04-26,2024-12-31,104528174518.87
000876.XSHE,2025-04-26,2023-12-31,144776777182.22
000876.XSHE,2024-04-30,2023-12-31,144776777182.22
000876.XSHE,2024-04-30,2022-12-31,144543252855.88
000876.XSHE,2023-04-29,2022-12-31,144543252855.88
000876.XSHE,2023-04-29,2021-12-31,129650012649.14
000876.XSHE,2022-04-28,2021-12-31,129650012649.14
000877.XSHE,2025-03-27,2024-12-31,81181289583.46
000877.XSHE,2025-03-27,2023-12-31,109756104100.49
000877.XSHE,2024-03-27,2023-12-31,109756104100.49
000877.XSHE,2024-03-27,2022-12-31,135964417440.03
000877.XSHE,2023-03-22,2022-12-31,135964417440.03
000877.XSHE,2023-03-22,2021-12-31,177013135784.15
000877.XSHE,2023-03-22,2021-12-31,177013135784.15
000877.XSHE,2022-03-22,2021-12-31,176962055501.77
000878.XSHE,2025-03-26,2024-12-31,205870683926.13
000878.XSHE,2025-03-26,2023-12-31,164357590000.47
000878.XSHE,2024-03-29,2023-12-31,164357590000.47
000878.XSHE,2024-03-29,2022-12-31,150157668530.06
000878.XSHE,2024-03-29,2022-12-31,150157668530.06
000878.XSHE,2023-04-17,2022-12-31,150157668530.06
000878.XSHE,2023-04-17,2021-12-31,138004458844.12
000878.XSHE,2022-03-30,2021-12-31,138004458844.12
000883.XSHE,2025-04-25,2024-12-31,48852686800.55
000883.XSHE,2025-04-25,2023-12-31,48156930039.32
000883.XSHE,2024-04-27,2023-12-31,48156930039.32
000883.XSHE,2024-04-27,2022-12-31,53509201721.94
000883.XSHE,2023-04-28,2022-12-31,53509201721.94
000883.XSHE,2023-04-28,2021-12-31,39658943893.18
000883.XSHE,2022-04-28,2021-12-31,39658943893.18
000887.XSHE,2025-04-29,2024-12-31,16360555239.24
000887.XSHE,2025-04-29,2023-12-31,15731500820.09
000887.XSHE,2024-04-30,2023-12-31,15731500820.09
000887.XSHE,2024-04-30,2022-12-31,14134663934.2
000887.XSHE,2023-04-29,2022-12-31,14088680754.2
000887.XSHE,2023-04-29,2021-12-31,13723412575.78
000887.XSHE,2022-04-30,2021-12-31,13455067263.8
000893.XSHE,2025-04-24,2024-12-31,3888297118.5
000893.XSHE,2025-04-24,2023-12-31,4327295862.68
000893.XSHE,2024-04-30,2023-12-31,4327295862.68
000893.XSHE,2024-04-30,2022-12-31,3637384291.56
000893.XSHE,2023-04-01,2022-12-31,3637384291.56
000893.XSHE,2023-04-01,2021-12-31,914229909.91
000893.XSHE,2022-04-02,2021-12-31,914229909.91
000895.XSHE,2025-03-26,2024-12-31,64398553741.97
000895.XSHE,2025-03-26,2023-12-31,63136812365.94
000895.XSHE,2024-03-27,2023-12-31,63136812365.94
000895.XSHE,2024-03-27,2022-12-31,68108871509.14
000895.XSHE,2023-03-29,2022-12-31,68108871509.14
000895.XSHE,2023-03-29,2021-12-31,71185255223.0
000895.XSHE,2022-03-29,2021-12-31,71185255223.0
000895.XSHE,2022-03-29,2021-12-31,71185255223.0
000960.XSHE,2025-04-03,2024-12-31,46096790579.08
000960.XSHE,2025-04-03,2023-12-31,45637396771.05
000960.XSHE,2024-04-12,2023-12-31,45637396771.05
000960.XSHE,2024-04-12,2022-12-31,58349253683.52
000960.XSHE,2023-04-03,2022-12-31,58349253683.52
000960.XSHE,2023-04-03,2021-12-31,59306279522.73
000960.XSHE,2022-04-15,2021-12-31,59306279522.73
000983.XSHE,2025-04-29,2024-12-31,49814981936.72
000983.XSHE,2025-04-29,2023-12-31,61377567635.48
000983.XSHE,2024-04-23,2023-12-31,61377567635.48
000983.XSHE,2024-04-23,2022-12-31,66056281207.12
000983.XSHE,2023-04-25,2022-12-31,66056281207.12
000983.XSHE,2023-04-25,2021-12-31,51516375569.51
000983.XSHE,2022-04-29,2021-12-31,39222571093.8
002001.XSHE,2025-04-15,2024-12-31,19053643873.01
002001.XSHE,2025-04-15,2023-12-31,15114302982.05
002001.XSHE,2024-04-23,2023-12-31,15114302982.05
002001.XSHE,2024-04-23,2022-12-31,15306568290.22
002001.XSHE,2023-04-21,2022-12-31,15306568290.22
002001.XSHE,2023-04-21,2021-12-31,14128039148.63
002001.XSHE,2022-04-15,2021-12-31,14128039148.63
002007.XSHE,2025-03-29,2024-12-31,4934564892.16
002007.XSHE,2025-03-29,2023-12-31,5075292993.76
002007.XSHE,2024-03-30,2023-12-31,5075292993.76
002007.XSHE,2024-03-30,2022-12-31,4144874929.12
002007.XSHE,2023-03-30,2022-12-31,4144874929.12
002007.XSHE,2023-03-30,2021-12-31,4574872258.58
002007.XSHE,2022-03-30,2021-12-31,4574872258.58
002008.XSHE,2025-04-22,2024-12-31,13162229759.53
002008.XSHE,2025-04-22,2023-12-31,12059530102.21
002008.XSHE,2024-04-18,2023-12-31,12059530102.21
002008.XSHE,2024-04-18,2022-12-31,12004848999.87
002008.XSHE,2023-04-10,2022-12-31,12004848999.87
002008.XSHE,2023-04-10,2021-12-31,13399520818.1
002008.XSHE,2022-03-31,2021-12-31,13399520818.1
002027.XSHE,2025-04-29,2024-12-31,11968041064.12
002027.XSHE,2025-04-29,2023-12-31,12332307453.36
002027.XSHE,2024-04-30,2023-12-31,12332307453.36
002027.XSHE,2024-04-30,2022-12-31,11304756748.46
002027.XSHE,2023-04-29,2022-12-31,11304756748.46
002027.XSHE,2023-04-29,2021-12-31,16129570704.43
002027.XSHE,2022-04-29,2021-12-31,16129570704.43
002032.XSHE,2025-03-28,2024-12-31,26230527558.74
002032.XSHE,2025-03-28,2023-12-31,21943107463.51
002032.XSHE,2024-03-30,2023-12-31,21943107463.51
002032.XSHE,2024-03-30,2022-12-31,23163412847.57
002032.XSHE,2023-03-31,2022-12-31,23163412847.57
002032.XSHE,2023-03-31,2021-12-31,23182241217.47
002032.XSHE,2022-04-01,2021-12-31,23182241217.47
002044.XSHE,2025-04-17,2024-12-31,10018991167.54
002044.XSHE,2025-04-17,2023-12-31,9815235549.59
002044.XSHE,2024-04-25,2023-12-31,9815235549.59
002044.XSHE,2024-04-25,2022-12-31,8560970658.77
002044.XSHE,2023-04-25,2022-12-31,8511903949.1
002044.XSHE,2023-04-25,2021-12-31,9165073610.49
002044.XSHE,2022-04-16,2021-12-31,9114860862.76
002050.XSHE,2025-03-27,2024-12-31,28102746002.07
002050.XSHE,2025-03-27,2023-12-31,24566452573.26
002050.XSHE,2024-04-30,2023-12-31,24566452573.26
002050.XSHE,2024-04-30,2022-12-31,20872917738.46
002050.XSHE,2023-04-29,2022-12-31,20872917738.46
002050.XSHE,2023-04-29,2021-12-31,15665586228.21
002050.XSHE,2022-03-25,2021-12-31,15665586228.21
002129.XSHE,2025-04-26,2024-12-31,24745282232.48
002129.XSHE,2025-04-26,2023-12-31,23523932022.2
002129.XSHE,2024-04-26,2023-12-31,23523932022.2
002129.XSHE,2024-04-26,2022-12-31,24998976530.72
002129.XSHE,2023-03-29,2022-12-31,24998976530.72
002129.XSHE,2023-03-29,2021-12-31,13906234902.49
002129.XSHE,2022-04-27,2021-12-31,13906234902.49
002142.XSHE,2025-04-10,2024-12-31,
002142.XSHE,2025-04-10,2023-12-31,
002142.XSHE,2024-04-10,2023-12-31,
002142.XSHE,2024-04-10,2022-12-31,
002142.XSHE,2023-04-06,2022-12-31,
002142.XSHE,2023-04-06,2021-12-31,
002142.XSHE,2022-04-08,2021-12-31,
002202.XSHE,2025-03-29,2024-12-31,66494194962.91
002202.XSHE,2025-03-29,2023-12-31,58989151061.86
002202.XSHE,2024-03-29,2023-12-31,58989151061.86
002202.XSHE,2024-03-29,2022-12-31,49599949362.86
002202.XSHE,2023-03-31,2022-12-31,49599949362.86
002202.XSHE,2023-03-31,2021-12-31,48885790877.28
002202.XSHE,2022-03-26,2021-12-31,48804655533.95
002230.XSHE,2025-04-22,2024-12-31,22908708903.11
002230.XSHE,2025-04-22,2023-12-31,19036092030.17
002230.XSHE,2024-04-23,2023-12-31,19036092030.17
002230.XSHE,2024-04-23,2022-12-31,17643199373.56
002230.XSHE,2023-04-21,2022-12-31,17643199373.56
002230.XSHE,2023-04-21,2021-12-31,17161606304.04
002230.XSHE,2022-04-22,2021-12-31,17161606304.04
002236.XSHE,2025-03-29,2024-12-31,34669187205.38
002236.XSHE,2025-03-29,2023-12-31,34442145403.42
002236.XSHE,2024-04-16,2023-12-31,34442145403.42
002236.XSHE,2024-04-16,2022-12-31,33784604846.55
002236.XSHE,2023-04-28,2022-12-31,33784604846.55
002236.XSHE,2023-04-28,2021-12-31,33384841745.99
002236.XSHE,2022-04-23,2021-12-31,33384841745.99
002241.XSHE,2025-03-27,2024-12-31,83445136080.81
002241.XSHE,2025-03-27,2023-12-31,75929642962.84
002241.XSHE,2024-03-28,2023-12-31,75929642962.84
002241.XSHE,2024-03-28,2022-12-31,87859623816.37
002241.XSHE,2023-04-18,2022-12-31,87859623816.37
002241.XSHE,2023-04-18,2021-12-31,79015187941.07
002241.XSHE,2022-03-30,2021-12-31,79015187941.07
002304.XSHE,2025-04-29,2024-12-31,30813853834.25
002304.XSHE,2025-04-29,2023-12-31,34853832478.9
002304.XSHE,2024-04-27,2023-12-31,34853832478.9
002304.XSHE,2024-04-27,2022-12-31,30888040308.39
002304.XSHE,2023-04-26,2022-12-31,30888040308.39
002304.XSHE,2023-04-26,2021-12-31,36809670762.29
002304.XSHE,2022-04-29,2021-12-31,36809670762.29
002311.XSHE,2025-04-22,2024-12-31,116288967039.94
002311.XSHE,2025-04-22,2023-12-31,117485829661.53
002311.XSHE,2024-04-23,2023-12-31,117485829661.53
002311.XSHE,2024-04-23,2022-12-31,105515366873.92
002311.XSHE,2023-04-25,2022-12-31,105515366873.92
002311.XSHE,2023-04-25,2021-12-31,87156308826.61
002311.XSHE,2022-04-12,2021-12-31,87156308826.61
002352.XSHE,2025-03-29,2024-12-31,291810642000.0
002352.XSHE,2025-03-29,2023-12-31,270779571000.0
002352.XSHE,2024-03-27,2023-12-31,270779571000.0
002352.XSHE,2024-03-27,2022-12-31,282453563000.0
002352.XSHE,2023-03-29,2022-12-31,282453563000.0
002352.XSHE,2023-03-29,2021-12-31,212073004000.0
002352.XSHE,2022-03-31,2021-12-31,212073004000.0
002410.XSHE,2025-03-25,2024-12-31,6287004647.1
002410.XSHE,2025-03-25,2023-12-31,6958873561.75
002410.XSHE,2024-03-26,2023-12-31,6958873561.75
002410.XSHE,2024-03-26,2022-12-31,7145538236.17
002410.XSHE,2023-03-25,2022-12-31,7145538236.17
002410.XSHE,2023-03-25,2021-12-31,6347922216.75
002410.XSHE,2022-03-29,2021-12-31,6347922216.75
002415.XSHE,2025-04-19,2024-12-31,98512386004.95
002415.XSHE,2025-04-19,2023-12-31,93594226079.25
002415.XSHE,2024-04-20,2023-12-31,93594226079.25
002415.XSHE,2024-04-20,2022-12-31,86798776609.53
002415.XSHE,2023-04-15,2022-12-31,86798776609.53
002415.XSHE,2023-04-15,2021-12-31,83503340788.69
002415.XSHE,2022-04-16,2021-12-31,83503340788.69
002466.XSHE,2025-03-27,2024-12-31,14032307862.93
002466.XSHE,2025-03-27,2023-12-31,45959927163.05
002466.XSHE,2024-03-28,2023-12-31,45959927163.05
002466.XSHE,2024-03-28,2022-12-31,34806421313.85
002466.XSHE,2023-03-31,2022-12-31,34806421313.85
002466.XSHE,2023-03-31,2021-12-31,5220591057.62
002466.XSHE,2022-04-30,2021-12-31,5220591057.62
002475.XSHE,2025-04-26,2024-12-31,260945840146.58
002475.XSHE,2025-04-26,2023-12-31,233972359867.88
002475.XSHE,2024-04-25,2023-12-31,233972359867.88
002475.XSHE,2024-04-25,2022-12-31,231311294189.07
002475.XSHE,2023-04-28,2022-12-31,231311294189.07
002475.XSHE,2023-04-28,2021-12-31,143070164356.03
002475.XSHE,2022-04-28,2021-12-31,143070164356.03
002594.XSHE,2025-03-25,2024-12-31,774347395000.0
002594.XSHE,2025-03-25,2023-12-31,572704798000.0
002594.XSHE,2024-03-27,2023-12-31,572704798000.0
002594.XSHE,2024-03-27,2022-12-31,413209226000.0
002594.XSHE,2023-03-29,2022-12-31,413209226000.0
002594.XSHE,2023-03-29,2021-12-31,202666455000.0
002594.XSHE,2022-03-30,2021-12-31,202666455000.0
002714.XSHE,2025-03-20,2024-12-31,139571501962.38
002714.XSHE,2025-03-20,2023-12-31,113022315178.98
002714.XSHE,2024-04-27,2023-12-31,113022315178.98
002714.XSHE,2024-04-27,2022-12-31,127402641896.52
002714.XSHE,2023-04-28,2022-12-31,127402641896.52
002714.XSHE,2023-04-28,2021-12-31,80150334237.77
002714.XSHE,2022-04-30,2021-12-31,80150334237.77
600000.XSHG,2025-03-29,2024-12-31,
600000.XSHG,2025-03-29,2023-12-31,
600000.XSHG,2024-04-30,2023-12-31,
600000.XSHG,2024-04-30,2022-12-31,
600000.XSHG,2023-04-19,2022-12-31,
600000.XSHG,2023-04-19,2021-12-31,
600000.XSHG,2022-04-28,2021-12-31,
600016.XSHG,2025-03-29,2024-12-31,
600016.XSHG,2025-03-29,2023-12-31,
600016.XSHG,2024-03-29,2023-12-31,
600016.XSHG,2024-03-29,2022-12-31,
600016.XSHG,2023-03-28,2022-12-31,
600016.XSHG,2023-03-28,2021-12-31,
600016.XSHG,2022-03-30,2021-12-31,
600028.XSHG,2025-03-24,2024-12-31,3504042000000.0
600028.XSHG,2025-03-24,2023-12-31,3577814000000.0
600028.XSHG,2024-03-25,2023-12-31,3577814000000.0
600028.XSHG,2024-03-25,2022-12-31,3550138000000.0
600028.XSHG,2023-03-27,2022-12-31,3550138000000.0
600028.XSHG,2023-03-27,2021-12-31,2980918000000.0
600028.XSHG,2022-03-28,2021-12-31,2980918000000.0
600029.XSHG,2025-03-27,2024-12-31,193729000000.0
600029.XSHG,2025-03-27,2023-12-31,179217000000.0
600029.XSHG,2024-03-28,2023-12-31,179217000000.0
600029.XSHG,2024-03-28,2022-12-31,96102000000.0
600029.XSHG,2023-03-29,2022-12-31,96102000000.0
600029.XSHG,2023-03-29,2021-12-31,111189000000.0
600029.XSHG,2022-03-31,2021-12-31,111189000000.0
600030.XSHG,2025-03-27,2024-12-31,
600030.XSHG,2025-03-27,2023-12-31,
600030.XSHG,2024-03-27,2023-12-31,
600030.XSHG,2024-03-27,2022-12-31,
600030.XSHG,2023-03-31,2022-12-31,
600030.XSHG,2023-03-31,2021-12-31,
600030.XSHG,2022-03-29,2021-12-31,
600031.XSHG,2025-04-18,2024-12-31,82694250000.0
600031.XSHG,2025-04-18,2023-12-31,78272597000.0
600031.XSHG,2024-04-29,2023-12-31,78272597000.0
600031.XSHG,2024-04-29,2022-12-31,76650152000.0
600031.XSHG,2023-04-01,2022-12-31,76630771000.0
600031.XSHG,2023-04-01,2021-12-31,112023128000.0
600031.XSHG,2022-04-23,2021-12-31,112023128000.0
600036.XSHG,2025-03-26,2024-12-31,
600036.XSHG,2025-03-26,2023-12-31,
600036.XSHG,2024-03-26,2023-12-31,
600036.XSHG,2024-03-26,2022-12-31,
600036.XSHG,2023-03-25,2022-12-31,
600036.XSHG,2023-03-25,2021-12-31,
600036.XSHG,2022-03-19,2021-12-31,
600048.XSHG,2025-04-29,2024-12-31,291283876780.29
600048.XSHG,2025-04-29,2023-12-31,338461019236.7
600048.XSHG,2024-04-23,2023-12-31,338461019236.7
600048.XSHG,2024-04-23,2022-12-31,297170614340.6
600048.XSHG,2023-03-31,2022-12-31,297170614340.6
600048.XSHG,2023-03-31,2021-12-31,378924509330.28
600048.XSHG,2022-04-19,2021-12-31,378924509330.28
600050.XSHG,2025-03-19,2024-12-31,393913703923.0
600050.XSHG,2025-03-19,2023-12-31,386486955436.0
600050.XSHG,2024-03-20,2023-12-31,386486955436.0
600050.XSHG,2024-03-20,2022-12-31,364216004527.0
600050.XSHG,2023-03-09,2022-12-31,364216004527.0
600050.XSHG,2023-03-09,2021-12-31,352109065286.0
600050.XSHG,2022-03-12,2021-12-31,352109065286.0
600104.XSHG,2025-04-30,2024-12-31,504874827197.18
600104.XSHG,2025-04-30,2023-12-31,546172155528.73
600104.XSHG,2024-03-30,2023-12-31,546172155528.73
600104.XSHG,2024-03-30,2022-12-31,533632386813.28
600104.XSHG,2023-04-29,2022-12-31,533632386813.28
600104.XSHG,2023-04-29,2021-12-31,645327249537.97
600104.XSHG,2022-04-30,2021-12-31,645327249537.97
600150.XSHG,2025-04-30,2024-12-31,88227524503.15
600150.XSHG,2025-04-30,2023-12-31,91457846408.73
600150.XSHG,2024-04-27,2023-12-31,91457846408.73
600150.XSHG,2024-04-27,2022-12-31,61611784934.43
600150.XSHG,2023-04-28,2022-12-31,61675006739.37
600150.XSHG,2023-04-28,2021-12-31,60213005582.29
600150.XSHG,2022-04-29,2021-12-31,60213005582.29
600196.XSHG,2025-03-26,2024-12-31,41012673920.75
600196.XSHG,2025-03-26,2023-12-31,42392553570.17
600196.XSHG,2024-03-27,2023-12-31,42392553570.17
600196.XSHG,2024-03-27,2022-12-31,44390448936.3
600196.XSHG,2023-03-28,2022-12-31,44390448936.3
600196.XSHG,2023-03-28,2021-12-31,38396676394.63
600196.XSHG,2022-03-23,2021-12-31,38389629999.42
600276.XSHG,2025-03-31,2024-12-31,27146811001.25
600276.XSHG,2025-03-31,2023-12-31,24093922387.94
600276.XSHG,2024-04-18,2023-12-31,24093922387.94
600276.XSHG,2024-04-18,2022-12-31,18567439285.94
600276.XSHG,2023-04-22,2022-12-31,18567439285.94
600276.XSHG,2023-04-22,2021-12-31,25023905343.85
600276.XSHG,2022-04-23,2021-12-31,25023905343.85
600309.XSHG,2025-04-15,2024-12-31,213272888219.39
600309.XSHG,2025-04-15,2023-12-31,204912317869.13
600309.XSHG,2024-03-19,2023-12-31,204912317869.13
600309.XSHG,2024-03-19,2022-12-31,185916434476.07
600309.XSHG,2023-03-21,2022-12-31,185916434476.07
600309.XSHG,2023-03-21,2021-12-31,171401310555.76
600309.XSHG,2022-03-15,2021-12-31,171401310555.76
600332.XSHG,2025-03-14,2024-12-31,75825632045.72
600332.XSHG,2025-03-14,2023-12-31,75343488570.8
600332.XSHG,2024-03-23,2023-12-31,75343488570.8
600332.XSHG,2024-03-16,2023-12-31,75343488570.8
600332.XSHG,2024-03-23,2022-12-31,71970022365.52
600332.XSHG,2024-03-16,2022-12-31,71970022365.52
600332.XSHG,2023-03-18,2022-12-31,71970022365.52
600332.XSHG,2023-03-18,2021-12-31,67860021518.02
600332.XSHG,2022-03-19,2021-12-31,67860021518.02
600346.XSHG,2025-04-17,2024-12-31,277215781320.6
600346.XSHG,2025-04-17,2023-12-31,253368629479.01
600346.XSHG,2024-04-10,2023-12-31,253368629479.01
600346.XSHG,2024-04-10,2022-12-31,267426902574.47
600346.XSHG,2023-04-28,2022-12-31,267426902574.47
600346.XSHG,2023-04-28,2021-12-31,212351925115.56
600346.XSHG,2022-04-07,2021-12-31,212351925115.56
600398.XSHG,2025-04-30,2024-12-31,22943995555.73
600398.XSHG,2025-04-30,2023-12-31,23613263029.41
600398.XSHG,2024-04-30,2023-12-31,23613263029.41
600398.XSHG,2024-04-30,2022-12-31,19654263185.7
600398.XSHG,2023-04-28,2022-12-31,19654263185.7
600398.XSHG,2023-04-28,2021-12-31,22799695698.29
600398.XSHG,2022-04-28,2021-12-31,22799695698.29
600406.XSHG,2025-04-29,2024-12-31,59563530862.69
600406.XSHG,2025-04-29,2023-12-31,52872529144.51
600406.XSHG,2024-04-26,2023-12-31,52794237159.09
600406.XSHG,2024-04-26,2022-12-31,46276878017.2
600406.XSHG,2023-04-28,2022-12-31,46276878017.2
600406.XSHG,2023-04-28,2021-12-31,40219447407.36
600406.XSHG,2022-04-29,2021-12-31,40219447407.36
600426.XSHG,2025-03-29,2024-12-31,32394894792.12
600426.XSHG,2025-03-29,2023-12-31,25631116403.21
600426.XSHG,2024-03-30,2023-12-31,25631116403.21
600426.XSHG,2024-03-30,2022-12-31,28219950333.33
600426.XSHG,2023-03-30,2022-12-31,28219950333.33
600426.XSHG,2023-03-30,2021-12-31,21445766607.61
600426.XSHG,2022-03-30,2021-12-31,21337241989.01
600436.XSHG,2025-04-26,2024-12-31,12022826031.79
600436.XSHG,2025-04-26,2023-12-31,10397430819.72
600436.XSHG,2024-04-20,2023-12-31,10397430819.72
600436.XSHG,2024-04-20,2022-12-31,9349531520.71
600436.XSHG,2023-04-15,2022-12-31,9349531520.71
600436.XSHG,2023-04-15,2021-12-31,8646529849.23
600436.XSHG,2022-04-16,2021-12-31,8646529849.23
600438.XSHG,2025-04-30,2024-12-31,85569173337.71
600438.XSHG,2025-04-30,2023-12-31,124243805359.37
600438.XSHG,2024-04-30,2023-12-31,124243805359.37
600438.XSHG,2024-04-30,2022-12-31,129778869793.04
600438.XSHG,2023-04-25,2022-12-31,129778869793.04
600438.XSHG,2023-04-25,2021-12-31,57872243385.87
600438.XSHG,2022-04-26,2021-12-31,56533317822.08
600456.XSHG,2025-03-28,2024-12-31,3760553886.08
600456.XSHG,2025-03-28,2023-12-31,3678546385.76
600456.XSHG,2024-03-30,2023-12-31,3678546385.76
600456.XSHG,2024-03-30,2022-12-31,3726295961.78
600456.XSHG,2023-04-26,2022-12-31,3726295961.78
600456.XSHG,2023-04-26,2021-12-31,3389524686.89
600456.XSHG,2022-04-16,2021-12-31,3389524686.89
600460.XSHG,2025-04-19,2024-12-31,6533735871.32
600460.XSHG,2025-04-19,2023-12-31,5776533691.79
600460.XSHG,2024-04-09,2023-12-31,5776533691.79
600460.XSHG,2024-04-09,2022-12-31,5363722977.15
600460.XSHG,2023-03-31,2022-12-31,5363722977.15
600460.XSHG,2023-03-31,2021-12-31,4599606840.69
600460.XSHG,2022-03-29,2021-12-31,4599606840.69
600486.XSHG,2025-03-25,2024-12-31,11028923194.0
600486.XSHG,2025-03-25,2023-12-31,11227265503.35
600486.XSHG,2024-03-26,2023-12-31,11227265503.35
600486.XSHG,2024-03-26,2022-12-31,15836867256.79
600486.XSHG,2023-03-20,2022-12-31,15836867256.79
600486.XSHG,2023-03-20,2021-12-31,11448217642.25
600486.XSHG,2022-03-29,2021-12-31,11448217642.25
600489.XSHG,2025-04-30,2024-12-31,69979269253.39
600489.XSHG,2025-04-30,2023-12-31,65345654355.58
600489.XSHG,2024-04-27,2023-12-31,65345654355.58
600489.XSHG,2024-04-27,2022-12-31,61486083199.03
600489.XSHG,2023-04-27,2022-12-31,61485453199.03
600489.XSHG,2023-04-27,2021-12-31,60541561606.02
600489.XSHG,2022-04-21,2021-12-31,60541561606.02
600516.XSHG,2025-04-26,2024-12-31,4573040839.57
600516.XSHG,2025-06-30,2023-12-31,5213179028.34
600516.XSHG,2025-04-26,2023-12-31,5213179028.34
600516.XSHG,2024-04-02,2023-12-31,5213179028.34
600516.XSHG,2025-06-30,2022-12-31,5003068592.47
600516.XSHG,2025-06-30,2022-12-31,5003068592.47
600516.XSHG,2024-04-02,2022-12-31,5003068592.47
600516.XSHG,2023-04-15,2022-12-31,5003068592.47
600516.XSHG,2025-06-30,2021-12-31,4490127136.75
600516.XSHG,2023-04-15,2021-12-31,4490127136.75
600516.XSHG,2022-04-23,2021-12-31,4490127136.75
600519.XSHG,2025-04-03,2024-12-31,182645203339.89
600519.XSHG,2025-04-03,2023-12-31,163699909417.62
600519.XSHG,2024-04-03,2023-12-31,163699909417.62
600519.XSHG,2024-04-03,2022-12-31,140691678592.0
600519.XSHG,2023-03-31,2022-12-31,140691678592.0
600519.XSHG,2023-03-31,2021-12-31,119320536796.65
600519.XSHG,2022-03-31,2021-12-31,119320536796.65
600547.XSHG,2025-03-28,2024-12-31,87429315219.83
600547.XSHG,2025-03-28,2023-12-31,61647283293.27
600547.XSHG,2024-03-29,2023-12-31,61647283293.27
600547.XSHG,2024-03-29,2022-12-31,57055319138.13
600547.XSHG,2023-03-30,2022-12-31,57055319138.13
600547.XSHG,2023-03-30,2021-12-31,40245546494.56
600547.XSHG,2022-03-29,2021-12-31,40245546494.56
600566.XSHG,2025-04-26,2024-12-31,9285378818.03
600566.XSHG,2025-04-26,2023-12-31,10857090326.96
600566.XSHG,2024-04-10,2023-12-31,10857090326.96
600566.XSHG,2024-04-10,2022-12-31,9441819954.72
600566.XSHG,2023-04-10,2022-12-31,9441819954.72
600566.XSHG,2023-04-10,2021-12-31,8499125967.7
600566.XSHG,2022-04-16,2021-12-31,8499125967.7
600567.XSHG,2025-04-30,2024-12-31,27660840163.07
600567.XSHG,2025-04-30,2023-12-31,26544690156.46
600567.XSHG,2024-04-24,2023-12-31,26544690156.46
600567.XSHG,2024-04-24,2022-12-31,30686511500.76
600567.XSHG,2023-04-29,2022-12-31,30686511500.76
600567.XSHG,2023-04-29,2021-12-31,31386047551.71
600567.XSHG,2022-04-16,2021-12-31,31386047551.71
600570.XSHG,2025-03-29,2024-12-31,6905314008.63
600570.XSHG,2025-03-29,2023-12-31,7414834342.32
600570.XSHG,2024-03-25,2023-12-31,7414834342.32
600570.XSHG,2024-03-25,2022-12-31,6678651178.15
600570.XSHG,2023-06-28,2022-12-31,6678651178.15
600570.XSHG,2023-04-01,2022-12-31,6678651178.15
600570.XSHG,2023-06-28,2021-12-31,5844844692.26
600570.XSHG,2023-04-01,2021-12-31,5844844692.26
600570.XSHG,2022-03-31,2021-12-31,5844844692.26
600583.XSHG,2025-03-18,2024-12-31,32039161200.0
600583.XSHG,2025-03-18,2023-12-31,34093364700.0
600583.XSHG,2024-03-19,2023-12-31,34093364700.0
600583.XSHG,2024-03-19,2022-12-31,31070015100.0
600583.XSHG,2023-03-21,2022-12-31,31070015100.0
600583.XSHG,2023-03-21,2021-12-31,22267284800.0
600583.XSHG,2022-03-22,2021-12-31,22267284800.0
600584.XSHG,2025-04-21,2024-12-31,36896351233.14
600584.XSHG,2025-04-21,2023-12-31,30432734514.39
600584.XSHG,2024-04-19,2023-12-31,30432734514.39
600584.XSHG,2024-04-19,2022-12-31,36232811018.57
600584.XSHG,2023-03-31,2022-12-31,36232811018.57
600584.XSHG,2023-03-31,2021-12-31,32445354589.02
600584.XSHG,2022-03-31,2021-12-31,32445354589.02
600585.XSHG,2025-03-25,2024-12-31,100983809524.0
600585.XSHG,2025-03-25,2023-12-31,171754444952.0
600585.XSHG,2024-03-20,2023-12-31,171550099544.0
600585.XSHG,2024-03-20,2022-12-31,157835158640.0
600585.XSHG,2023-03-28,2022-12-31,157835158640.0
600585.XSHG,2023-03-28,2021-12-31,200655230732.0
600585.XSHG,2022-03-26,2021-12-31,200645299274.0
600588.XSHG,2025-03-29,2024-12-31,9798563652.0
600588.XSHG,2025-03-29,2023-12-31,9966800944.0
600588.XSHG,2024-03-30,2023-12-31,9966800944.0
600588.XSHG,2024-03-30,2022-12-31,8877906403.0
600588.XSHG,2023-03-25,2022-12-31,8877906403.0
600588.XSHG,2023-03-25,2021-12-31,8790532819.0
600588.XSHG,2022-03-19,2021-12-31,8790532819.0
600600.XSHG,2025-03-31,2024-12-31,38057169909.0
600600.XSHG,2025-03-31,2023-12-31,37880402381.0
600600.XSHG,2024-03-27,2023-12-31,37880402381.0
600600.XSHG,2024-03-27,2022-12-31,37646617995.0
600600.XSHG,2023-03-23,2022-12-31,37646617995.0
600600.XSHG,2023-03-23,2021-12-31,35855302233.0
600600.XSHG,2022-03-29,2021-12-31,35855302233.0
600637.XSHG,2025-06-28,2024-12-31,9012176699.89
600637.XSHG,2025-04-19,2024-12-31,9012176699.89
600637.XSHG,2025-06-28,2023-12-31,10092024756.89
600637.XSHG,2025-04-19,2023-12-31,10092024756.89
600637.XSHG,2024-04-20,2023-12-31,10092024756.89
600637.XSHG,2024-04-20,2022-12-31,9241849545.89
600637.XSHG,2023-04-29,2022-12-31,9241849545.89
600637.XSHG,2023-04-29,2021-12-31,11473360032.44
600637.XSHG,2022-04-30,2021-12-31,11473360032.44
600660.XSHG,2025-03-19,2024-12-31,37770735435.0
600660.XSHG,2025-03-19,2023-12-31,31482964361.0
600660.XSHG,2024-03-16,2023-12-31,31482964361.0
600660.XSHG,2024-03-16,2022-12-31,29140807061.0
600660.XSHG,2023-03-17,2022-12-31,29140807061.0
600660.XSHG,2023-03-17,2021-12-31,24732625116.0
600660.XSHG,2022-03-18,2021-12-31,24732625116.0
600674.XSHG,2025-04-12,2024-12-31,1713338554.83
600674.XSHG,2025-04-12,2023-12-31,1493288130.04
600674.XSHG,2024-04-12,2023-12-31,1493288130.04
600674.XSHG,2024-04-12,2022-12-31,1393144928.21
600674.XSHG,2023-04-21,2022-12-31,1393144928.21
600674.XSHG,2023-04-21,2021-12-31,1344716509.24
600674.XSHG,2022-04-21,2021-12-31,1344716509.24
600690.XSHG,2025-03-28,2024-12-31,306799219762.12
600690.XSHG,2025-03-28,2023-12-31,289485600146.01
600690.XSHG,2024-03-28,2023-12-31,275380453881.77
600690.XSHG,2024-03-28,2022-12-31,258307895412.14
600690.XSHG,2023-03-31,2022-12-31,258086116120.44
600690.XSHG,2023-03-31,2021-12-31,259848073159.87
600690.XSHG,2022-03-31,2021-12-31,259627755397.89
600703.XSHG,2025-04-26,2024-12-31,15428959171.13
600703.XSHG,2025-04-26,2023-12-31,12619771461.71
600703.XSHG,2024-04-27,2023-12-31,12619771461.71
600703.XSHG,2024-04-27,2022-12-31,10366154329.53
600703.XSHG,2023-04-28,2022-12-31,10366154329.53
600703.XSHG,2023-04-28,2021-12-31,9135847124.72
600703.XSHG,2022-04-26,2021-12-31,9135847124.72
600729.XSHG,2025-04-19,2024-12-31,27615869011.84
600729.XSHG,2025-04-19,2023-12-31,30776379100.82
600729.XSHG,2024-04-19,2023-12-31,30771320824.97
600729.XSHG,2024-04-19,2022-12-31,28460482211.83
600729.XSHG,2023-06-13,2022-12-31,28460482211.83
600729.XSHG,2023-04-08,2022-12-31,28460482211.83
600729.XSHG,2023-06-13,2021-12-31,32980196980.2
600729.XSHG,2023-04-08,2021-12-31,32980196980.2
600729.XSHG,2022-03-26,2021-12-31,32971257465.88
600741.XSHG,2025-04-29,2024-12-31,141284424242.93
600741.XSHG,2025-04-29,2023-12-31,149255757619.26
600741.XSHG,2024-03-29,2023-12-31,149255757619.26
600741.XSHG,2024-03-29,2022-12-31,141861896557.31
600741.XSHG,2023-04-28,2022-12-31,141861896557.31
600741.XSHG,2023-04-28,2021-12-31,130112078996.31
600741.XSHG,2022-04-29,2021-12-31,130112078996.31
600745.XSHG,2025-04-26,2024-12-31,75102158281.7
600745.XSHG,2025-04-26,2023-12-31,62413899105.84
600745.XSHG,2024-04-23,2023-12-31,62413899105.84
600745.XSHG,2024-04-23,2022-12-31,59965986180.89
600745.XSHG,2023-04-29,2022-12-31,59965986180.89
600745.XSHG,2023-04-29,2021-12-31,52008349521.59
600745.XSHG,2022-04-26,2021-12-31,52008349521.59
600763.XSHG,2025-04-26,2024-12-31,2872527874.24
600763.XSHG,2025-04-26,2023-12-31,2829231059.29
600763.XSHG,2024-04-26,2023-12-31,2829231059.29
600763.XSHG,2024-04-26,2022-12-31,2702085305.38
600763.XSHG,2023-04-28,2022-12-31,2702085305.38
600763.XSHG,2023-04-28,2021-12-31,2782581147.2
600763.XSHG,2022-04-28,2021-12-31,2782581147.2
600765.XSHG,2025-04-04,2024-12-31,8480792367.08
600765.XSHG,2025-03-31,2024-12-31,8480792367.08
600765.XSHG,2025-04-04,2023-12-31,9578926135.38
600765.XSHG,2025-03-31,2023-12-31,9578926135.38
600765.XSHG,2024-03-15,2023-12-31,8873989359.13
600765.XSHG,2024-03-15,2022-12-31,7937739281.89
600765.XSHG,2023-03-17,2022-12-31,7937739281.89
600765.XSHG,2023-03-15,2022-12-31,7937739281.89
600765.XSHG,2023-03-17,2021-12-31,7758847274.97
600765.XSHG,2023-03-15,2021-12-31,7758847274.97
600765.XSHG,2022-03-15,2021-12-31,7758847274.97
600779.XSHG,2025-04-30,2024-12-31,5347648317.58
600779.XSHG,2025-04-30,2023-12-31,5635760313.48
600779.XSHG,2024-04-27,2023-12-31,5635760313.48
600779.XSHG,2024-04-27,2022-12-31,5241142381.56
600779.XSHG,2023-04-29,2022-12-31,5241142381.56
600779.XSHG,2023-04-29,2021-12-31,5339709273.96
600779.XSHG,2022-04-23,2021-12-31,5339709273.96
600801.XSHG,2025-03-27,2024-12-31,30615810728.0
600801.XSHG,2025-03-27,2023-12-31,30570922906.0
600801.XSHG,2024-03-29,2023-12-31,30570922906.0
600801.XSHG,2024-03-29,2022-12-31,28725662825.0
600801.XSHG,2023-03-29,2022-12-31,28725662825.0
600801.XSHG,2023-03-29,2021-12-31,31749395997.0
600801.XSHG,2022-03-30,2021-12-31,31749395997.0
600809.XSHG,2025-04-30,2024-12-31,36609130569.36
600809.XSHG,2025-04-30,2023-12-31,30131095571.49
600809.XSHG,2024-04-26,2023-12-31,30131095571.49
600809.XSHG,2024-04-26,2022-12-31,28712665309.89
600809.XSHG,2023-04-28,2022-12-31,28712665309.89
600809.XSHG,2023-04-28,2021-12-31,25048091975.76
600809.XSHG,2022-04-28,2021-12-31,25048091975.76
600848.XSHG,2025-04-12,2024-12-31,8512651131.19
600848.XSHG,2025-04-12,2023-12-31,9859485644.41
600848.XSHG,2024-04-13,2023-12-31,9845220271.51
600848.XSHG,2024-04-13,2022-12-31,8506029529.98
600848.XSHG,2023-04-14,2022-12-31,8506029529.98
600848.XSHG,2023-04-14,2021-12-31,6897095665.68
600848.XSHG,2022-04-28,2021-12-31,6897095665.68
600862.XSHG,2025-03-15,2024-12-31,2994589978.85
600862.XSHG,2025-03-15,2023-12-31,2574660979.99
600862.XSHG,2024-03-16,2023-12-31,2574660979.99
600862.XSHG,2024-03-16,2022-12-31,2269771479.72
600862.XSHG,2023-03-16,2022-12-31,2269771479.72
600862.XSHG,2023-03-16,2021-12-31,3174726029.12
600862.XSHG,2022-03-16,2021-12-31,3174726029.12
600871.XSHG,2025-03-19,2024-12-31,78943570000.0
600871.XSHG,2025-03-19,2023-12-31,78293372000.0
600871.XSHG,2024-03-27,2023-12-31,78293372000.0
600871.XSHG,2024-03-27,2022-12-31,72986961000.0
600871.XSHG,2023-03-29,2022-12-31,72986961000.0
600871.XSHG,2023-03-29,2021-12-31,63641759000.0
600871.XSHG,2022-03-30,2021-12-31,63641759000.0
600886.XSHG,2025-04-30,2024-12-31,60455672696.52
600886.XSHG,2025-04-30,2023-12-31,57105283181.81
600886.XSHG,2024-04-30,2023-12-31,57105283181.81
600886.XSHG,2024-04-30,2022-12-31,55206739681.06
600886.XSHG,2023-04-29,2022-12-31,55206739681.06
600886.XSHG,2023-04-29,2021-12-31,45823915895.41
600886.XSHG,2022-04-29,2021-12-31,45823915895.41
600887.XSHG,2025-04-30,2024-12-31,130651821490.28
600887.XSHG,2025-04-30,2023-12-31,137239211650.99
600887.XSHG,2024-04-30,2023-12-31,137239211650.99
600887.XSHG,2024-04-30,2022-12-31,133594145427.82
600887.XSHG,2023-04-28,2022-12-31,133594145427.82
600887.XSHG,2023-04-28,2021-12-31,121968369864.72
600887.XSHG,2022-04-28,2021-12-31,121968369864.72
600893.XSHG,2025-04-02,2024-12-31,30753445569.12
600893.XSHG,2025-04-02,2023-12-31,36235697493.98
600893.XSHG,2024-03-30,2023-12-31,36235697493.98
600893.XSHG,2024-03-30,2022-12-31,26708571354.71
600893.XSHG,2023-03-31,2022-12-31,26708571354.71
600893.XSHG,2023-03-31,2021-12-31,48520203014.47
600893.XSHG,2022-04-09,2021-12-31,48520203014.47
600900.XSHG,2025-04-30,2024-12-31,94910070204.68
600900.XSHG,2025-04-30,2023-12-31,96267868544.11
600900.XSHG,2024-04-30,2023-12-31,96235638511.89
600900.XSHG,2024-04-30,2022-12-31,71280788590.49
600900.XSHG,2023-04-28,2022-12-31,58947811679.22
600900.XSHG,2023-04-28,2021-12-31,62861271803.49
600900.XSHG,2022-04-30,2021-12-31,62861271803.49
600905.XSHG,2025-04-30,2024-12-31,25539744383.43
600905.XSHG,2025-04-30,2023-12-31,21118007347.05
600905.XSHG,2024-04-30,2023-12-31,21101421635.43
600905.XSHG,2024-04-30,2022-12-31,20326488972.49
600905.XSHG,2023-04-29,2022-12-31,20326488972.49
600905.XSHG,2023-04-29,2021-12-31,12110423616.83
600905.XSHG,2022-04-28,2021-12-31,12090345538.97
600918.XSHG,2025-03-22,2024-12-31,
600918.XSHG,2025-03-22,2023-12-31,
600918.XSHG,2024-03-30,2023-12-31,
600918.XSHG,2024-03-30,2022-12-31,
600918.XSHG,2023-03-31,2022-12-31,
600918.XSHG,2023-03-31,2021-12-31,
600918.XSHG,2022-03-30,2021-12-31,
600919.XSHG,2025-04-19,2024-12-31,
600919.XSHG,2025-04-19,2023-12-31,
600919.XSHG,2024-04-26,2023-12-31,
600919.XSHG,2024-04-26,2022-12-31,
600919.XSHG,2023-04-26,2022-12-31,
600919.XSHG,2023-04-26,2021-12-31,
600919.XSHG,2022-04-13,2021-12-31,
600926.XSHG,2025-04-12,2024-12-31,
600926.XSHG,2025-04-12,2023-12-31,
600926.XSHG,2024-04-20,2023-12-31,
600926.XSHG,2024-04-20,2022-12-31,
600926.XSHG,2023-04-26,2022-12-31,
600926.XSHG,2023-04-26,2021-12-31,
600926.XSHG,2022-04-16,2021-12-31,
600958.XSHG,2025-03-29,2024-12-31,
600958.XSHG,2025-03-29,2023-12-31,
600958.XSHG,2024-03-28,2023-12-31,
600958.XSHG,2024-03-28,2022-12-31,
600958.XSHG,2023-03-31,2022-12-31,
600958.XSHG,2023-03-31,2021-12-31,
600958.XSHG,2022-03-31,2021-12-31,
600989.XSHG,2025-03-12,2024-12-31,35731517640.87
600989.XSHG,2025-03-12,2023-12-31,30423679588.06
600989.XSHG,2024-03-22,2023-12-31,30423679588.06
600989.XSHG,2024-03-22,2022-12-31,27746952809.83
600989.XSHG,2023-03-10,2022-12-31,27746952809.83
600989.XSHG,2023-03-10,2021-12-31,19433800374.02
600989.XSHG,2022-03-10,2021-12-31,19433800374.02
601006.XSHG,2025-04-30,2024-12-31,46998882354.0
601006.XSHG,2025-04-30,2023-12-31,58190293659.0
601006.XSHG,2024-04-27,2023-12-31,58190293659.0
601006.XSHG,2024-04-27,2022-12-31,53829654082.0
601006.XSHG,2023-04-27,2022-12-31,53829654082.0
601006.XSHG,2023-04-27,2021-12-31,57391001178.0
601006.XSHG,2022-04-28,2021-12-31,57391001178.0
601009.XSHG,2025-04-22,2024-12-31,
601009.XSHG,2025-04-22,2023-12-31,
601009.XSHG,2024-04-27,2023-12-31,
601009.XSHG,2024-04-27,2022-12-31,
601009.XSHG,2023-04-29,2022-12-31,
601009.XSHG,2023-04-29,2021-12-31,
601009.XSHG,2022-04-16,2021-12-31,
601012.XSHG,2025-05-07,2024-12-31,64244597197.78
601012.XSHG,2025-04-30,2024-12-31,64244597197.78
601012.XSHG,2025-05-07,2023-12-31,94330066969.94
601012.XSHG,2025-04-30,2023-12-31,94330066969.94
601012.XSHG,2024-04-30,2023-12-31,94330066969.94
601012.XSHG,2024-04-30,2022-12-31,100008255063.04
601012.XSHG,2023-07-13,2022-12-31,100008255063.04
601012.XSHG,2023-04-28,2022-12-31,100008255063.04
601012.XSHG,2023-07-13,2021-12-31,61968788319.41
601012.XSHG,2023-04-28,2021-12-31,61968788319.41
601012.XSHG,2022-04-28,2021-12-31,61968788319.41
601016.XSHG,2025-03-28,2024-12-31,4527736504.5
601016.XSHG,2025-03-28,2023-12-31,4455225058.87
601016.XSHG,2024-03-29,2023-12-31,4455225058.87
601016.XSHG,2024-03-29,2022-12-31,5552221675.2
601016.XSHG,2023-03-31,2022-12-31,5552221675.2
601016.XSHG,2023-03-31,2021-12-31,3113757358.7
601016.XSHG,2022-03-11,2021-12-31,2796098404.94
601066.XSHG,2025-03-28,2024-12-31,
601066.XSHG,2025-03-28,2023-12-31,
601066.XSHG,2024-03-29,2023-12-31,
601066.XSHG,2024-03-29,2022-12-31,
601066.XSHG,2023-03-31,2022-12-31,
601066.XSHG,2023-03-31,2021-12-31,
601066.XSHG,2022-03-31,2021-12-31,
601077.XSHG,2025-03-26,2024-12-31,
601077.XSHG,2025-03-26,2023-12-31,
601077.XSHG,2024-03-29,2023-12-31,
601077.XSHG,2024-03-29,2022-12-31,
601077.XSHG,2023-03-31,2022-12-31,
601077.XSHG,2023-03-31,2021-12-31,
601077.XSHG,2022-03-31,2021-12-31,
601088.XSHG,2025-03-22,2024-12-31,349923000000.0
601088.XSHG,2025-03-22,2023-12-31,345354000000.0
601088.XSHG,2024-03-23,2023-12-31,345354000000.0
601088.XSHG,2024-03-23,2022-12-31,356618000000.0
601088.XSHG,2023-03-25,2022-12-31,356618000000.0
601088.XSHG,2023-03-25,2021-12-31,345043000000.0
601088.XSHG,2022-03-26,2021-12-31,344619000000.0
601100.XSHG,2025-04-29,2024-12-31,8022929291.31
601100.XSHG,2025-04-29,2023-12-31,8067091301.02
601100.XSHG,2024-04-23,2023-12-31,8067091301.02
601100.XSHG,2024-04-23,2022-12-31,6894514289.99
601100.XSHG,2023-04-25,2022-12-31,6965088235.05
601100.XSHG,2023-04-25,2021-12-31,8388881791.87
601100.XSHG,2022-04-26,2021-12-31,8388881791.87
601111.XSHG,2025-03-28,2024-12-31,179287364000.0
601111.XSHG,2025-03-28,2023-12-31,154911892000.0
601111.XSHG,2024-03-29,2023-12-31,154911892000.0
601111.XSHG,2024-03-29,2022-12-31,56086178000.0
601111.XSHG,2023-03-31,2022-12-31,56086178000.0
601111.XSHG,2023-03-31,2021-12-31,78610787000.0
601111.XSHG,2022-03-31,2021-12-31,78610787000.0
601117.XSHG,2025-04-30,2024-12-31,170430032539.28
601117.XSHG,2025-04-30,2023-12-31,159012389372.0
601117.XSHG,2024-04-29,2023-12-31,159012389372.0
601117.XSHG,2024-04-29,2022-12-31,151258022293.07
601117.XSHG,2023-03-28,2022-12-31,151258022293.07
601117.XSHG,2023-03-28,2021-12-31,132177519362.63
601117.XSHG,2022-04-28,2021-12-31,132177519362.63
601138.XSHG,2025-04-30,2024-12-31,603022174000.0
601138.XSHG,2025-04-30,2023-12-31,500495458000.0
601138.XSHG,2024-03-28,2023-12-31,500495458000.0
601138.XSHG,2024-03-14,2023-12-31,500495458000.0
601138.XSHG,2024-03-28,2022-12-31,516357456000.0
601138.XSHG,2024-03-14,2022-12-31,516357456000.0
601138.XSHG,2023-03-15,2022-12-31,516357456000.0
601138.XSHG,2023-03-15,2021-12-31,450521140000.0
601138.XSHG,2022-03-23,2021-12-31,450521140000.0
601155.XSHG,2025-10-01,2024-12-31,44701341018.0
601155.XSHG,2025-03-29,2024-12-31,44701341018.0
601155.XSHG,2025-10-01,2023-12-31,64897961836.0
601155.XSHG,2025-03-29,2023-12-31,64897961836.0
601155.XSHG,2024-03-29,2023-12-31,64897961836.0
601155.XSHG,2024-03-29,2022-12-31,89768844745.0
601155.XSHG,2023-04-01,2022-12-31,89768844745.0
601155.XSHG,2023-04-01,2021-12-31,163249429100.0
601155.XSHG,2022-03-31,2021-12-31,163249429100.0
601162.XSHG,2025-04-30,2024-12-31,
601162.XSHG,2025-04-30,2023-12-31,
601162.XSHG,2024-04-30,2023-12-31,
601162.XSHG,2024-04-30,2022-12-31,
601162.XSHG,2023-04-28,2022-12-31,
601162.XSHG,2023-04-28,2021-12-31,
601162.XSHG,2022-03-31,2021-12-31,
601166.XSHG,2025-03-28,2024-12-31,
601166.XSHG,2025-03-28,2023-12-31,
601166.XSHG,2024-03-29,2023-12-31,
601166.XSHG,2024-03-29,2022-12-31,
601166.XSHG,2023-03-31,2022-12-31,
601166.XSHG,2023-03-31,2021-12-31,
601166.XSHG,2022-03-25,2021-12-31,
601186.XSHG,2025-03-29,2024-12-31,1072608268000.0
601186.XSHG,2025-03-29,2023-12-31,1154794097000.0
601186.XSHG,2024-03-29,2023-12-31,1154794097000.0
601186.XSHG,2024-03-29,2022-12-31,1146501353000.0
601186.XSHG,2023-03-31,2022-12-31,1146501353000.0
601186.XSHG,2023-03-31,2021-12-31,1075803668000.0
601186.XSHG,2022-03-31,2021-12-31,1075803668000.0
601198.XSHG,2025-04-04,2024-12-31,
601198.XSHG,2025-04-04,2023-12-31,
601198.XSHG,2024-04-04,2023-12-31,
601198.XSHG,2024-04-04,2022-12-31,
601198.XSHG,2023-03-31,2022-12-31,
601198.XSHG,2023-03-31,2021-12-31,
601198.XSHG,2022-04-29,2021-12-31,
601211.XSHG,2025-03-29,2024-12-31,
601211.XSHG,2025-03-29,2023-12-31,
601211.XSHG,2024-03-29,2023-12-31,
601211.XSHG,2024-03-29,2022-12-31,
601211.XSHG,2023-03-30,2022-12-31,
601211.XSHG,2023-03-30,2021-12-31,
601211.XSHG,2022-03-31,2021-12-31,
601225.XSHG,2025-04-26,2024-12-31,204442424271.77
601225.XSHG,2025-04-26,2023-12-31,195689586850.65
601225.XSHG,2024-04-26,2023-12-31,182084303963.0
601225.XSHG,2024-04-26,2022-12-31,192543387299.29
601225.XSHG,2023-04-27,2022-12-31,192552443299.29
601225.XSHG,2023-04-27,2021-12-31,184886997318.19
601225.XSHG,2022-04-28,2021-12-31,184667881240.54
601229.XSHG,2025-04-25,2024-12-31,
601229.XSHG,2025-04-25,2023-12-31,
601229.XSHG,2024-04-26,2023-12-31,
601229.XSHG,2024-04-26,2022-12-31,
601229.XSHG,2023-04-28,2022-12-31,
601229.XSHG,2023-04-28,2021-12-31,
601229.XSHG,2022-04-22,2021-12-31,
601233.XSHG,2025-04-26,2024-12-31,112722266673.41
601233.XSHG,2025-04-26,2023-12-31,90311797279.26
601233.XSHG,2024-04-27,2023-12-31,90311797279.26
601233.XSHG,2024-04-27,2022-12-31,69751884964.2
601233.XSHG,2023-07-07,2022-12-31,69751884964.2
601233.XSHG,2023-04-22,2022-12-31,69751884964.2
601233.XSHG,2023-07-07,2021-12-31,64582281541.31
601233.XSHG,2023-04-22,2021-12-31,64582281541.31
601233.XSHG,2022-04-28,2021-12-31,64582281541.31
601236.XSHG,2025-03-29,2024-12-31,
601236.XSHG,2025-03-29,2023-12-31,
601236.XSHG,2024-03-30,2023-12-31,
601236.XSHG,2024-03-30,2022-12-31,
601236.XSHG,2023-03-31,2022-12-31,
601236.XSHG,2023-03-31,2021-12-31,
601236.XSHG,2022-03-31,2021-12-31,
601238.XSHG,2025-03-29,2024-12-31,140995536835.0
601238.XSHG,2025-03-29,2023-12-31,161715273401.0
601238.XSHG,2024-03-29,2023-12-31,161715273401.0
601238.XSHG,2024-03-29,2022-12-31,129439004893.0
601238.XSHG,2023-03-30,2022-12-31,129439004893.0
601238.XSHG,2023-03-30,2021-12-31,88766672619.0
601238.XSHG,2022-03-31,2021-12-31,88766672619.0
601288.XSHG,2025-03-29,2024-12-31,
601288.XSHG,2025-03-29,2023-12-31,
601288.XSHG,2024-03-29,2023-12-31,
601288.XSHG,2024-03-29,2022-12-31,
601288.XSHG,2023-03-31,2022-12-31,
601288.XSHG,2023-03-31,2021-12-31,
601288.XSHG,2022-03-31,2021-12-31,
601318.XSHG,2025-03-20,2024-12-31,
601318.XSHG,2025-03-20,2023-12-31,
601318.XSHG,2024-03-22,2023-12-31,
601318.XSHG,2024-03-22,2022-12-31,
601318.XSHG,2023-03-16,2022-12-31,
601318.XSHG,2023-03-16,2021-12-31,
601318.XSHG,2022-03-18,2021-12-31,
601390.XSHG,2025-03-29,2024-12-31,1027845967000.0
601390.XSHG,2025-03-29,2023-12-31,1250265444000.0
601390.XSHG,2024-03-29,2023-12-31,1250265444000.0
601390.XSHG,2024-03-29,2022-12-31,1203611860000.0
601390.XSHG,2023-03-31,2022-12-31,1203611860000.0
601390.XSHG,2023-03-31,2021-12-31,1161677670000.0
601390.XSHG,2022-03-31,2021-12-31,1161677670000.0
601398.XSHG,2025-03-29,2024-12-31,
601398.XSHG,2025-03-29,2023-12-31,
601398.XSHG,2024-03-28,2023-12-31,
601398.XSHG,2024-03-28,2022-12-31,
601398.XSHG,2023-03-31,2022-12-31,
601398.XSHG,2023-03-31,2021-12-31,
601398.XSHG,2022-03-31,2021-12-31,
601601.XSHG,2025-03-27,2024-12-31,
601601.XSHG,2025-03-27,2023-12-31,
601601.XSHG,2024-03-29,2023-12-31,
601601.XSHG,2024-03-29,2022-12-31,
601601.XSHG,2023-03-27,2022-12-31,
601601.XSHG,2023-03-27,2021-12-31,
601601.XSHG,2022-03-28,2021-12-31,
601628.XSHG,2025-03-27,2024-12-31,
601628.XSHG,2025-03-27,2023-12-31,
601628.XSHG,2024-03-28,2023-12-31,
601628.XSHG,2024-03-28,2022-12-31,
601628.XSHG,2023-03-30,2022-12-31,
601628.XSHG,2023-03-30,2021-12-31,
601628.XSHG,2022-03-25,2021-12-31,
601668.XSHG,2025-04-16,2024-12-31,2239163754000.0
601668.XSHG,2025-04-16,2023-12-31,2290420688000.0
601668.XSHG,2024-04-19,2023-12-31,2290420688000.0
601668.XSHG,2024-04-19,2022-12-31,2127797407000.0
601668.XSHG,2023-04-18,2022-12-31,2127797407000.0
601668.XSHG,2023-04-18,2021-12-31,2014118683000.0
601668.XSHG,2022-04-16,2021-12-31,2020204424000.0
601669.XSHG,2025-04-28,2024-12-31,673150141268.74
601669.XSHG,2025-04-28,2023-12-31,622652736325.97
601669.XSHG,2024-04-26,2023-12-31,622160064543.75
601669.XSHG,2024-04-26,2022-12-31,568145939538.39
601669.XSHG,2023-04-27,2022-12-31,568145939538.39
601669.XSHG,2023-04-27,2021-12-31,557654197569.44
601669.XSHG,2022-04-28,2021-12-31,446313833955.65
601688.XSHG,2025-03-29,2024-12-31,
601688.XSHG,2025-03-29,2023-12-31,
601688.XSHG,2024-03-29,2023-12-31,
601688.XSHG,2024-03-29,2022-12-31,
601688.XSHG,2023-03-31,2022-12-31,
601688.XSHG,2023-03-31,2021-12-31,
601688.XSHG,2022-03-31,2021-12-31,
601766.XSHG,2025-03-29,2024-12-31,255299159000.0
601766.XSHG,2025-03-29,2023-12-31,228777284000.0
601766.XSHG,2024-03-29,2023-12-31,228777284000.0
601766.XSHG,2024-03-29,2022-12-31,223297502000.0
601766.XSHG,2023-03-31,2022-12-31,223297502000.0
601766.XSHG,2023-03-31,2021-12-31,226015807000.0
601766.XSHG,2022-03-31,2021-12-31,226015807000.0
601857.XSHG,2025-03-31,2024-12-31,3164290000000.0
601857.XSHG,2025-03-31,2023-12-31,3253194000000.0
601857.XSHG,2024-03-26,2023-12-31,3250400000000.0
601857.XSHG,2024-03-26,2022-12-31,3377857000000.0
601857.XSHG,2023-03-30,2022-12-31,3377857000000.0
601857.XSHG,2023-03-30,2021-12-31,2575909000000.0
601857.XSHG,2022-04-01,2021-12-31,2575909000000.0
601888.XSHG,2025-03-29,2024-12-31,58647860561.47
601888.XSHG,2025-03-29,2023-12-31,70275751755.44
601888.XSHG,2024-03-28,2023-12-31,70275751755.44
601888.XSHG,2024-03-28,2022-12-31,58069601602.49
601888.XSHG,2023-03-31,2022-12-31,58069601602.49
601888.XSHG,2023-03-31,2021-12-31,71378953773.61
601888.XSHG,2022-04-23,2021-12-31,71378953773.61
601899.XSHG,2025-03-22,2024-12-31,329383672087.0
601899.XSHG,2025-03-22,2023-12-31,321076708367.0
601899.XSHG,2024-03-23,2023-12-31,321076708367.0
601899.XSHG,2024-03-23,2022-12-31,282341075714.0
601899.XSHG,2023-03-25,2022-12-31,282341075714.0
601899.XSHG,2023-03-25,2021-12-31,236345807492.0
601899.XSHG,2022-03-19,2021-12-31,236345807492.0
601919.XSHG,2025-03-22,2024-12-31,234207190793.39
601919.XSHG,2025-03-22,2023-12-31,182020226317.89
601919.XSHG,2024-03-29,2023-12-31,182020226317.89
601919.XSHG,2024-03-29,2022-12-31,393865278729.08
601919.XSHG,2023-03-31,2022-12-31,393865278729.08
601919.XSHG,2023-03-31,2021-12-31,331856218884.15
601919.XSHG,2022-03-31,2021-12-31,331855869787.3
603259.XSHG,2025-03-18,2024-12-31,41023171534.69
603259.XSHG,2025-03-18,2023-12-31,39358491885.8
603259.XSHG,2024-03-19,2023-12-31,39358491885.8
603259.XSHG,2024-03-19,2022-12-31,39962159722.45
603259.XSHG,2023-03-21,2022-12-31,39962159722.45
603259.XSHG,2023-03-21,2021-12-31,23543074709.36
603259.XSHG,2022-03-24,2021-12-31,23543074709.36
603288.XSHG,2025-04-03,2024-12-31,30382603211.16
603288.XSHG,2025-04-03,2023-12-31,29543161729.95
603288.XSHG,2024-04-27,2023-12-31,29543161729.95
603288.XSHG,2024-04-27,2022-12-31,26757359428.31
603288.XSHG,2023-04-26,2022-12-31,26757359428.31
603288.XSHG,2023-04-26,2021-12-31,28477440745.66
603288.XSHG,2022-03-25,2021-12-31,28477440745.66
